{"bSkeleton":true,"castShadow":false,"children":[],"clips":[{"name":"\u6807\u51c6\u5750","url":"skeletons/2F248B1.fbx"},{"name":"idle","url":"skeletons/C65AF4DD.fbx"},{"name":"walk","url":"skeletons/A328E5B3.fbx"}],"layers":{"mask":1},"material":null,"meshid":null,"name":"Female_NPC_04","position":{"x":0,"y":0,"z":0},"quaternion":{"_w":1,"_x":0,"_y":0,"_z":0},"receiveShadow":false,"scale":{"x":1,"y":1,"z":1},"timelines":{"timelines":[]},"type":"Group","url":"skeletons/C51C34F9.fbx","uuid":"07E07298-605F-47D1-A152-587979217614","visible":true,"wts":{"elements":[1,0,0,0,0,1,0,0,0,0,1,0,0,0,0,1]}}
