{"bSkeleton":true,"castShadow":false,"children":[],"clips":[{"name":"\u6807\u51c6\u5750","url":"skeletons/2F248B1.fbx"},{"name":"idle","url":"skeletons/C65AF4DD.fbx"},{"name":"walk","url":"skeletons/A328E5B3.fbx"},{"name":"\u7ad9\u7acb\u6325\u624b","url":"skeletons/E2D80679.fbx"},{"name":"\u7ad9\u7acb\u62db\u624b","url":"skeletons/1FC0E299.fbx"},{"name":"\u5750\u7740\u9f13\u638c","url":"skeletons/328F31DD.fbx"}],"layers":{"mask":1},"material":null,"meshid":null,"name":"Female_01","position":{"x":0,"y":0,"z":0},"quaternion":{"_w":1,"_x":0,"_y":0,"_z":0},"receiveShadow":false,"scale":{"x":1,"y":1,"z":1},"timelines":{"timelines":[]},"type":"Group","url":"skeletons/1809A927.fbx","uuid":"543CCE75-42D2-4C49-8961-2EB90568B9F3","visible":true,"wts":{"elements":[1,0,0,0,0,1,0,0,0,0,1,0,0,0,0,1]}}
