{"boundingBox":{"max":{"x":312.00375366210937,"y":135.73851013183594,"z":1360.8201904296875},"min":{"x":-285.0091552734375,"y":-696.2392578125,"z":2.7012999057769775}},"castShadow":false,"children":[],"layers":{"mask":1},"material":{"XnormalScale":1,"YnormalScale":1,"alphaMap":null,"aoMap":null,"aoMapIntensity":1,"blending":1,"color":16777215,"combine":0,"depthTest":true,"depthWrite":true,"emissive":0,"emissiveIntensity":1,"emissiveMap":null,"envMap":"643d930d","lightMap":null,"lightMapIntensity":1,"map":{"name":"image/4c84e4ee.jpg","offset":{"x":0,"y":0},"repeat":{"x":1,"y":1},"rotation":0},"normalMap":null,"o2id":"7689EAA0-9BDE-480C-A3E6-96AF0CDFDC58","opacity":1,"reflectivity":0,"side":0,"specular":1118481,"specularMap":null,"transparent":false,"type":"MeshPhongMaterial","uuid":"17CE53B4-F9DC-43EB-A0E4-F84FB593027F"},"meshid":"mesh/{D1DFA5CE-1AE7-4A0C-A2EB-5757A5D133EE}.mesh","name":"Body","position":{"x":0,"y":0,"z":0},"quaternion":{"_w":0.70710678118654757,"_x":-0.70710678118654746,"_y":0,"_z":0},"receiveShadow":false,"scale":{"x":1,"y":1,"z":1},"timelines":{"timelines":[]},"type":"Mesh","uuid":"9BA175E7-FB02-49C4-B664-A46425F18321","visible":true,"wts":{"elements":[1,0,0,0,0,2.2204460492503131e-016,-1,0,0,1,2.2204460492503131e-016,0,0,0,0,1]}}
