{"bSkeleton":true,"castShadow":false,"children":[],"clips":[{"name":"\u6807\u51c6\u5750","url":"skeletons/C3A0D8E1.fbx"},{"name":"idle","url":"skeletons/C65AF4DD.fbx"},{"name":"walk","url":"skeletons/A328E5B3.fbx"}],"layers":{"mask":1},"material":null,"meshid":null,"name":"Male_NPC_01","position":{"x":0,"y":0,"z":0},"quaternion":{"_w":1,"_x":0,"_y":0,"_z":0},"receiveShadow":false,"scale":{"x":1,"y":1,"z":1},"timelines":{"timelines":[]},"type":"Group","url":"skeletons/8C47831B.fbx","uuid":"0876141C-DF08-417C-95EF-79CB9205547E","visible":true,"wts":{"elements":[1,0,0,0,0,1,0,0,0,0,1,0,0,0,0,1]}}
